{
    "nevada": {
        "trump": {
            "positive": {
                "scores": [
                    0.7932224869728088,
                    0.6346524953842163,
                    0.8346174359321594
                ],
                "num_posts": 3,
                "min": 0.6346524953842163,
                "max": 0.8346174359321594,
                "average": 0.7541641394297282
            },
            "neutral": {
                "scores": [
                    0.6157652139663696,
                    0.6431854963302612,
                    0.5882843136787415,
                    0.4920303523540497,
                    0.7158212661743164,
                    0.6348182559013367,
                    0.6087270379066467,
                    0.7265805006027222,
                    0.6404826641082764,
                    0.6701685190200806,
                    0.7348279356956482,
                    0.9172558188438416,
                    0.6757072806358337,
                    0.7135065793991089,
                    0.6593060493469238,
                    0.8900686502456665,
                    0.7971588969230652,
                    0.5748673677444458,
                    0.7503055334091187,
                    0.6670380234718323,
                    0.679497241973877,
                    0.4828343093395233,
                    0.650623083114624,
                    0.626257061958313,
                    0.560800313949585,
                    0.7762696146965027,
                    0.45076754689216614
                ],
                "num_posts": 27,
                "min": 0.45076754689216614,
                "max": 0.9172558188438416,
                "average": 0.664553886210477
            },
            "negative": {
                "scores": [
                    0.8298928737640381,
                    0.8715833425521851,
                    0.8456264138221741,
                    0.5277723670005798,
                    0.8289819955825806,
                    0.8810178637504578,
                    0.846278190612793,
                    0.7980049252510071,
                    0.8103474378585815,
                    0.8155159950256348,
                    0.7462999224662781,
                    0.7845928072929382,
                    0.7204014658927917,
                    0.7122713327407837,
                    0.9097594618797302,
                    0.7684423327445984,
                    0.5582294464111328,
                    0.9172242283821106,
                    0.6476269364356995,
                    0.44057920575141907,
                    0.5355064272880554,
                    0.8662053346633911,
                    0.8665242195129395,
                    0.5098835229873657,
                    0.7904312610626221,
                    0.533906877040863,
                    0.8869807720184326,
                    0.8885332942008972,
                    0.7265569567680359,
                    0.49018698930740356,
                    0.8500016927719116,
                    0.8993270397186279,
                    0.7882888913154602,
                    0.6025456786155701,
                    0.7811911702156067,
                    0.7125914096832275,
                    0.7396417260169983,
                    0.6678516864776611,
                    0.8797491788864136,
                    0.9030417799949646,
                    0.6474499702453613,
                    0.7867615818977356,
                    0.8218273520469666,
                    0.8136631846427917,
                    0.8479167222976685,
                    0.7235807180404663,
                    0.8453994393348694,
                    0.7264111042022705,
                    0.4919734597206116,
                    0.5464226603507996,
                    0.6637623906135559,
                    0.8090229034423828,
                    0.6503574848175049,
                    0.9418479204177856,
                    0.656181275844574,
                    0.6608943343162537,
                    0.5418135523796082,
                    0.8451369404792786
                ],
                "num_posts": 58,
                "min": 0.44057920575141907,
                "max": 0.9418479204177856,
                "average": 0.7448244387733525
            },
            "avg_sentiment": 0.7541641394297282,
            "sentiment": "positive"
        },
        "harris": {
            "positive": {
                "scores": [
                    0.42447495460510254,
                    0.8145473599433899
                ],
                "num_posts": 2,
                "min": 0.42447495460510254,
                "max": 0.8145473599433899,
                "average": 0.6195111572742462
            },
            "neutral": {
                "scores": [
                    0.6157652139663696,
                    0.7348607182502747,
                    0.5882843136787415,
                    0.5506274104118347,
                    0.4920303523540497,
                    0.6331301927566528,
                    0.7158212661743164,
                    0.6348182559013367,
                    0.7265805006027222,
                    0.6404826641082764,
                    0.7348279356956482,
                    0.5301511883735657,
                    0.5871372818946838,
                    0.5003892183303833,
                    0.5364649295806885,
                    0.7135065793991089,
                    0.6593060493469238,
                    0.8900686502456665,
                    0.5748673677444458,
                    0.5087791681289673,
                    0.7503055334091187,
                    0.5385849475860596,
                    0.679497241973877,
                    0.5537590384483337,
                    0.5183796882629395,
                    0.5822449326515198,
                    0.677409827709198,
                    0.4828343093395233,
                    0.650623083114624,
                    0.6884881854057312,
                    0.5145714282989502,
                    0.4044739007949829,
                    0.7762696146965027,
                    0.45076754689216614,
                    0.6745049953460693
                ],
                "num_posts": 35,
                "min": 0.4044739007949829,
                "max": 0.8900686502456665,
                "average": 0.6145889580249786
            },