{
    "nevada": {
        "trump": {
            "positive": {
                "scores": [
                    0.9168362617492676,
                    0.8293941020965576,
                    0.8279480338096619,
                    0.6193859577178955
                ],
                "num_posts": 4,
                "min": 0.6193859577178955,
                "max": 0.9168362617492676,
                "average": 0.7983910888433456
            },
            "neutral": {
                "scores": [
                    0.8484897017478943,
                    0.5462191700935364,
                    0.5547747611999512,
                    0.6876919269561768,
                    0.7684540152549744,
                    0.5366026759147644,
                    0.6371934413909912,
                    0.6479985117912292,
                    0.7211660146713257,
                    0.4334414005279541,
                    0.7940823435783386,
                    0.8338808417320251,
                    0.6404998302459717,
                    0.7900176644325256,
                    0.726272702217102,
                    0.4933413863182068,
                    0.7354252338409424,
                    0.8339346647262573,
                    0.6563811898231506,
                    0.6761310696601868,
                    0.8884155750274658,
                    0.7794598340988159,
                    0.8662766218185425,
                    0.7157120704650879,
                    0.5798239707946777,
                    0.83372563123703,
                    0.8586033582687378,
                    0.7828264832496643,
                    0.5082515478134155,
                    0.784890353679657,
                    0.7545230984687805,
                    0.5782092809677124,
                    0.9105769395828247,
                    0.5765237808227539,
                    0.7260388135910034
                ],
                "num_posts": 35,
                "min": 0.4334414005279541,
                "max": 0.9105769395828247,
                "average": 0.7058815973145621
            },
            "negative": {
                "scores": [
                    0.5069682598114014,
                    0.7945799231529236,
                    0.849985659122467,
                    0.8165056109428406,
                    0.8975982069969177,
                    0.9351860880851746,
                    0.7088097929954529,
                    0.9586289525032043,
                    0.8943402171134949,
                    0.909317135810852,
                    0.8394928574562073,
                    0.8197107911109924,
                    0.8712880611419678,
                    0.6782717704772949,
                    0.8751434683799744,
                    0.9107399582862854,
                    0.771943211555481,
                    0.46339020133018494,
                    0.8541458249092102,
                    0.6050031781196594,
                    0.8642400503158569,
                    0.8532215356826782,
                    0.8098771572113037,
                    0.7700127363204956,
                    0.8968526124954224,
                    0.7369424104690552,
                    0.48903414607048035,
                    0.7259827256202698,
                    0.47982895374298096,
                    0.68822181224823,
                    0.5477149486541748,
                    0.7807182669639587,
                    0.6095703840255737,
                    0.543627917766571,
                    0.8737805485725403,
                    0.852588415145874,
                    0.8603585958480835,
                    0.632958710193634,
                    0.7482486963272095,
                    0.6048128008842468,
                    0.6506893038749695,
                    0.6251257061958313,
                    0.6042799353599548
                ],
                "num_posts": 43,
                "min": 0.46339020133018494,
                "max": 0.9586289525032043,
                "average": 0.7490636637044508
            },
            "avg_sentiment": 0.7983910888433456,
            "sentiment": "positive"
        },
        "harris": {
            "positive": {
                "scores": [
                    0.8279480338096619,
                    0.6193859577178955,
                    0.9113664031028748
                ],
                "num_posts": 3,
                "min": 0.6193859577178955,
                "max": 0.9113664031028748,
                "average": 0.7862334648768107
            },
            "neutral": {
                "scores": [
                    0.8484897017478943,
                    0.5462191700935364,
                    0.8039848208427429,
                    0.7442358732223511,
                    0.7510321140289307,
                    0.5394508838653564,
                    0.5366026759147644,
                    0.6371934413909912,
                    0.7458431124687195,
                    0.7211660146713257,
                    0.7940823435783386,
                    0.44252777099609375,
                    0.8338808417320251,
                    0.9115519523620605,
                    0.9019762277603149,
                    0.726272702217102,
                    0.6537826657295227,
                    0.7667619585990906,
                    0.6625202894210815,
                    0.6761310696601868,
                    0.5975447297096252,
                    0.8884155750274658,
                    0.6207588315010071,
                    0.6139191389083862,
                    0.7794598340988159,
                    0.700593113899231,
                    0.7157120704650879,
                    0.8586033582687378,
                    0.6864237785339355,
                    0.784890353679657,
                    0.7545230984687805,
                    0.5782092809677124,
                    0.9105769395828247,
                    0.6374719142913818,
                    0.5913350582122803,
                    0.8458220958709717,
                    0.7129479646682739,
                    0.8654969930648804
                ],
                "num_posts": 38,
                "min": 0.44252777099609375,
                "max": 0.9115519523620605,
                "average": 0.720694993671618
            },